,Size,SC_runtimes,SC_stds,SO_runtimes,SO_stds,ST_runtimes,ST_stds,TT_runtimes,TT_stds
0,3,0.0155625,0.0015799030824705672,0.0175,0.0014999999999999998,0.0153125,0.0006817945071647324,0.0159375,0.004307968633822675
1,4,0.0160625,0.005402184164761509,0.0195625,0.003316035848720578,0.02025,0.01576586502542756,0.0298125,0.03469909716044497
2,5,0.0155,0.003335416016031584,0.020749999999999998,0.0023848480035423636,0.0410625,0.04091984352059524,0.040125,0.03503904072602444
3,6,0.01575,0.0015206906325745553,0.02025,0.0017499999999999994,0.03962500000000001,0.0066414889143926155,0.267875,0.0984827872016222
4,7,0.0189375,0.011680479174674302,0.020312499999999997,0.0011575161985907583,0.18225000000000002,0.05787108518077054,,
5,8,0.029062499999999998,0.03647510923561437,0.0225,0.001457737973711325,,,,
6,9,0.025812500000000002,0.013519517141895266,0.026812500000000003,0.0021569292408421753,,,,
7,10,0.0364375,0.0457779542329056,0.041499999999999995,0.004743416490252569,,,,
8,11,0.0535,0.07809449404407458,0.14025,0.08677881365863443,,,,
9,12,0.10275000000000001,0.17695815183257313,0.451375,0.3872681362764047,,,,
10,13,0.0745625,0.0617413645277621,1.5928749999999998,0.6662947803900312,,,,
11,14,0.02825,0.017097148885121167,,,,,,
12,15,0.081375,0.07089505888988315,,,,,,
13,16,0.028625,0.004662014049742879,,,,,,
