lattice,Lx,Ly,p,bc_x,bc_y,bc_MPS,runtime_s,betas,max_chi,log_z,num_run
Square,3,3,0.5,periodic,open,finite,0.37418504199013114,"[0.0, 0.1, 0.2, 0.30000000000000004, 0.4, 0.5]","[15, 16, 16, 16, 16]","[6.238324625039508, 6.3150036358691874, 6.556288948846429, 6.977674888951465, 7.585160118394053, 8.36596886584429]",0
Square,3,3,0.5,periodic,open,finite,0.36359591712243855,"[0.0, 0.1, 0.2, 0.30000000000000004, 0.4, 0.5]","[15, 16, 16, 16, 16]","[6.238324625039508, 6.30997157216776, 6.512390267414422, 6.829268853098202, 7.244179804358777, 7.7414484092058995]",1
Square,3,3,0.5,periodic,open,finite,0.36067058402113616,"[0.0, 0.1, 0.2, 0.30000000000000004, 0.4, 0.5]","[15, 16, 16, 16, 16]","[6.238324625039508, 6.313332057904431, 6.541422151738536, 6.925376922280724, 7.459310474165199, 8.1258823060202]",2
Square,4,3,0.5,periodic,open,finite,0.6882850828114897,"[0.0, 0.1, 0.2, 0.30000000000000004, 0.4, 0.5]","[32, 63, 64, 64, 64]","[8.317766166719343, 8.415799875496365, 8.699393938555431, 9.145790827029764, 9.72790357552355, 10.420893990177046]",0
Square,4,3,0.5,periodic,open,finite,0.6490035408642143,"[0.0, 0.1, 0.2, 0.30000000000000004, 0.4, 0.5]","[32, 64, 64, 64, 64]","[8.317766166719343, 8.416234605492182, 8.707049575618703, 9.181303465865088, 9.82564460014596, 10.622729465693162]",1
Square,4,3,0.5,periodic,open,finite,0.6400426670443267,"[0.0, 0.1, 0.2, 0.30000000000000004, 0.4, 0.5]","[32, 64, 64, 64, 64]","[8.317766166719343, 8.41653462079354, 8.711985024830739, 9.202790724475934, 9.879306028113287, 10.719754786749455]",2
Square,5,3,0.5,periodic,open,finite,4.0150503751356155,"[0.0, 0.1, 0.2, 0.30000000000000004, 0.4, 0.5]","[39, 128, 128, 128, 128]","[10.39720770839918, 10.520299808283205, 10.88463335878596, 11.480719319140446, 12.293394113337305, 13.302644970938676]",0
Square,5,3,0.5,periodic,open,finite,4.019370874855667,"[0.0, 0.1, 0.2, 0.30000000000000004, 0.4, 0.5]","[39, 128, 128, 128, 128]","[10.39720770839918, 10.520292545355531, 10.884311654570789, 11.47763658706783, 12.279019516719268, 13.259311069577365]",1
Square,5,3,0.5,periodic,open,finite,3.9806982500012964,"[0.0, 0.1, 0.2, 0.30000000000000004, 0.4, 0.5]","[39, 128, 128, 128, 128]","[10.39720770839918, 10.520612154488242, 10.890150141713532, 11.507690007214268, 12.373049396134478, 13.481191084470643]",2
Square,6,3,0.5,periodic,open,finite,18.101542707998306,"[0.0, 0.1, 0.2, 0.30000000000000004, 0.4, 0.5]","[40, 195, 227, 254, 262]","[12.476649250079015, 12.620904196407714, 13.053517740070795, 13.763633403883052, 14.731129201517508, 15.929500879576912]",0
Square,6,3,0.5,periodic,open,finite,18.23965579108335,"[0.0, 0.1, 0.2, 0.30000000000000004, 0.4, 0.5]","[40, 194, 228, 254, 264]","[12.476649250079015, 12.620702869311351, 13.0507450240559, 13.751326342136103, 14.697508262273905, 15.85927012179512]",1
Square,6,3,0.5,periodic,open,finite,19.210742000024766,"[0.0, 0.1, 0.2, 0.30000000000000004, 0.4, 0.5]","[43, 205, 244, 263, 270]","[12.476649250079015, 12.621382223701714, 13.061665580914635, 13.803115367827532, 14.845276906998667, 16.17336833729983]",2
Square,7,3,0.5,periodic,open,finite,38.365488790906966,"[0.0, 0.1, 0.2, 0.30000000000000004, 0.4, 0.5]","[36, 193, 243, 268, 281]","[14.556090791758852, 14.721947084324029, 15.230712977872738, 16.087316902570205, 17.287150353679003, 18.80999614983422]",0
Square,7,3,0.5,periodic,open,finite,38.50352037488483,"[0.0, 0.1, 0.2, 0.30000000000000004, 0.4, 0.5]","[31, 194, 243, 272, 287]","[14.556090791758852, 14.72171223509012, 15.225641455839272, 16.062129987140874, 17.213949141161535, 18.650833462740128]",1
Square,7,3,0.5,periodic,open,finite,39.43252924992703,"[0.0, 0.1, 0.2, 0.30000000000000004, 0.4, 0.5]","[36, 202, 244, 272, 282]","[14.556090791758852, 14.725570961198407, 15.2412073500487, 16.113663620647017, 17.351425729330238, 18.949645988708426]",2
Square,8,3,0.5,periodic,open,finite,59.10050637507811,"[0.0, 0.1, 0.2, 0.30000000000000004, 0.4, 0.5]","[24, 179, 249, 284, 303]","[16.635532333438686, 16.82201361917412, 17.388805756840597, 18.316740034186655, 19.56857907511455, 21.096853451003273]",0
Square,8,3,0.5,periodic,open,finite,58.57869541598484,"[0.0, 0.1, 0.2, 0.30000000000000004, 0.4, 0.5]","[24, 179, 249, 282, 299]","[16.635532333438686, 16.822333894825988, 17.39472969552101, 18.347212953439435, 19.661629366959808, 21.305981790225722]",1
Square,8,3,0.5,periodic,open,finite,58.99803208303638,"[0.0, 0.1, 0.2, 0.30000000000000004, 0.4, 0.5]","[24, 179, 249, 286, 304]","[16.635532333438686, 16.821833704124426, 17.38499066509668, 18.298172755156543, 19.517830171803823, 20.996314979354164]",2
Square,9,3,0.5,periodic,open,finite,69.95190154085867,"[0.0, 0.1, 0.2, 0.30000000000000004, 0.4, 0.5]","[12, 139, 238, 277, 297]","[18.714973875118524, 18.923246005450462, 19.556594789023585, 20.621423551341525, 22.10380045763826, 23.979526363017634]",0
Square,9,3,0.5,periodic,open,finite,69.56437083310448,"[0.0, 0.1, 0.2, 0.30000000000000004, 0.4, 0.5]","[12, 140, 233, 278, 302]","[18.714973875118524, 18.92246902169078, 19.54271337933679, 20.55384908203037, 21.908320586156496, 23.55407202460305]",1
Square,9,3,0.5,periodic,open,finite,69.92252941709012,"[0.0, 0.1, 0.2, 0.30000000000000004, 0.4, 0.5]","[12, 139, 234, 279, 300]","[18.714973875118524, 18.922931355058676, 19.55092729717701, 20.59299726432969, 22.01792872157891, 23.78524756687841]",2
Square,10,3,0.5,periodic,open,finite,90.18310916703194,"[0.0, 0.1, 0.2, 0.30000000000000004, 0.4, 0.5]","[12, 140, 238, 285, 311]","[20.79441541679836, 21.026666405630177, 21.719178836914274, 22.842648684364402, 24.338486897487865, 26.145593825081185]",0
Square,10,3,0.5,periodic,open,finite,89.11112200003117,"[0.0, 0.1, 0.2, 0.30000000000000004, 0.4, 0.5]","[12, 139, 241, 282, 303]","[20.79441541679836, 21.027602555039643, 21.73582760695715, 22.922327882875045, 24.56173414822421, 26.609979283046773]",1
Square,10,3,0.5,periodic,open,finite,90.15252037509345,"[0.0, 0.1, 0.2, 0.30000000000000004, 0.4, 0.5]","[12, 140, 246, 287, 305]","[20.79441541679836, 21.02744970846943, 21.73298060876921, 22.909203461130062, 24.52908091888637, 26.551353935780504]",2
Square,11,3,0.5,periodic,open,finite,102.5310672079213,"[0.0, 0.1, 0.2, 0.30000000000000004, 0.4, 0.5]","[12, 127, 236, 278, 301]","[22.873856958478193, 23.131648750407724, 23.908582451313347, 25.203483734364077, 26.98485419819723, 29.205111162334294]",0
Square,11,3,0.5,periodic,open,finite,103.06388800009154,"[0.0, 0.1, 0.2, 0.30000000000000004, 0.4, 0.5]","[12, 127, 237, 280, 299]","[22.873856958478193, 23.132281501748878, 23.92001633950863, 25.260269738431116, 27.152303809100708, 29.570842614713133]",1
Square,11,3,0.5,periodic,open,finite,110.26393133401871,"[0.0, 0.1, 0.2, 0.30000000000000004, 0.4, 0.5]","[12, 140, 246, 290, 310]","[22.873856958478193, 23.131337849520605, 23.90477723226023, 25.17868911491903, 26.90986007429226, 29.047196397155915]",2
Square,12,3,0.5,periodic,open,finite,101.95731025002897,"[0.0, 0.1, 0.2, 0.30000000000000004, 0.4, 0.5]","[12, 69, 199, 273, 297]","[24.95329850015803, 25.235382065369485, 26.071331601938606, 27.447497396014835, 29.31467091141657, 31.60521277083988]",0
Square,12,3,0.5,periodic,open,finite,101.38135512499139,"[0.0, 0.1, 0.2, 0.30000000000000004, 0.4, 0.5]","[12, 68, 198, 274, 295]","[24.95329850015803, 25.235230770724858, 26.068709753195773, 27.43297711556985, 29.272059989080834, 31.51835341775845]",1
Square,12,3,0.5,periodic,open,finite,102.09320945781656,"[0.0, 0.1, 0.2, 0.30000000000000004, 0.4, 0.5]","[12, 69, 202, 273, 297]","[24.95329850015803, 25.235698798957024, 26.076990746741515, 27.47415196297648, 29.392252165152367, 31.779326336598686]",2
Square,13,3,0.5,periodic,open,finite,87.60575354215689,"[0.0, 0.1, 0.2, 0.30000000000000004, 0.4, 0.5]","[12, 26, 146, 255, 280]","[27.032740041837865, 27.3397355840322, 28.248955712319088, 29.73923106345625, 31.76286155190253, 34.2379471711314]",0
Square,13,3,0.5,periodic,open,finite,88.24880016688257,"[0.0, 0.1, 0.2, 0.30000000000000004, 0.4, 0.5]","[12, 26, 147, 258, 284]","[27.032740041837865, 27.33974392869777, 28.249585740522768, 29.745936261712934, 31.795293187761924, 34.33854347229272]",1
Square,13,3,0.5,periodic,open,finite,87.81358537520282,"[0.0, 0.1, 0.2, 0.30000000000000004, 0.4, 0.5]","[12, 26, 147, 256, 284]","[27.032740041837865, 27.340370997184802, 28.260737923574567, 29.80040769027065, 31.95365357136327, 34.68098635173686]",2
Square,14,3,0.5,periodic,open,finite,82.19451333279721,"[0.0, 0.1, 0.2, 0.30000000000000004, 0.4, 0.5]","[12, 26, 111, 233, 274]","[29.112181583517703, 29.443786762605345, 30.424298453916798, 32.02450369417099, 34.19822972121882, 36.866978749720516]",0
Square,14,3,0.5,periodic,open,finite,67.32627366599627,"[0.0, 0.1, 0.2, 0.30000000000000004, 0.4, 0.5]","[12, 26, 76, 213, 267]","[29.112181583517703, 29.44441699163738, 30.435595950110677, 32.07673482230518, 34.35168009249845, 37.2066869559396]",1
Square,14,3,0.5,periodic,open,finite,82.1319148328621,"[0.0, 0.1, 0.2, 0.30000000000000004, 0.4, 0.5]","[12, 26, 111, 234, 275]","[29.112181583517703, 29.443949014999948, 30.42745689568288, 32.0418303315034, 34.254340564494434, 37.000011750052806]",2
Square,15,3,0.5,periodic,open,finite,60.57897525001317,"[0.0, 0.1, 0.2, 0.30000000000000004, 0.4, 0.5]","[12, 26, 42, 186, 257]","[31.191623125197538, 31.54830307517954, 32.60762188943198, 34.346039986683834, 36.72869455552776, 39.691077507296335]",0
Square,15,3,0.5,periodic,open,finite,74.18218958401121,"[0.0, 0.1, 0.2, 0.30000000000000004, 0.4, 0.5]","[12, 26, 71, 210, 267]","[31.191623125197538, 31.548936790740807, 32.61913469470999, 34.404644906171534, 36.90537440695829, 40.08018276558276]",1
Square,15,3,0.5,periodic,open,finite,69.2035842500627,"[0.0, 0.1, 0.2, 0.30000000000000004, 0.4, 0.5]","[12, 26, 59, 201, 259]","[31.191623125197538, 31.548929253374922, 32.61856579670929, 34.39865753989467, 36.87817917626029, 40.00194554063709]",2
Square,3,3,0.5,open,open,finite,0.31729154102504253,"[0.0, 0.1, 0.2, 0.30000000000000004, 0.4, 0.5]","[11, 16, 16, 16, 16]","[6.238324625039508, 6.297713374779191, 6.472101465350859, 6.752198862334464, 7.12498292668635, 7.57616544085587]",0
Square,3,3,0.5,open,open,finite,0.31537287519313395,"[0.0, 0.1, 0.2, 0.30000000000000004, 0.4, 0.5]","[11, 16, 16, 16, 16]","[6.238324625039508, 6.2977140554365025, 6.472120076777083, 6.752296662892069, 7.125266230553058, 7.576764632445715]",1
Square,3,3,0.5,open,open,finite,0.3147955830208957,"[0.0, 0.1, 0.2, 0.30000000000000004, 0.4, 0.5]","[11, 16, 16, 16, 16]","[6.238324625039508, 6.298028210517554, 6.4776756750198325, 6.77921956885017, 7.2028972026276366, 7.743748831333047]",2
Square,3,3,0.5,periodic,periodic,finite,0.3561700410209596,"[0.0, 0.1, 0.2, 0.30000000000000004, 0.4, 0.5]","[15, 16, 16, 16, 16]","[6.238324625039508, 6.3317011669921515, 6.624605326344793, 7.112430662472275, 7.76176269563676, 8.528055294887695]",0
Square,3,3,0.5,periodic,periodic,finite,0.3567254999652505,"[0.0, 0.1, 0.2, 0.30000000000000004, 0.4, 0.5]","[15, 16, 16, 16, 16]","[6.238324625039508, 6.325153652561123, 6.5728242870666485, 6.962134702585044, 7.473389698030725, 8.088402886367632]",1
Square,3,3,0.5,periodic,periodic,finite,0.35610225005075336,"[0.0, 0.1, 0.2, 0.30000000000000004, 0.4, 0.5]","[15, 16, 16, 16, 16]","[6.238324625039508, 6.3270118243125015, 6.589002663735368, 7.0128696701226865, 7.578288738615269, 8.261888866354383]",2
Triangular,3,3,0.5,periodic,periodic,finite,0.36300408304668963,"[0.0, 0.1, 0.2, 0.30000000000000004, 0.4, 0.5]","[15, 16, 16, 16, 16]","[6.238324625039508, 6.3755356608939024, 6.801502869707203, 7.5142446778039425, 8.473121987632734, 9.614605101073089]",0
Triangular,3,3,0.5,periodic,periodic,finite,0.3483714589383453,"[0.0, 0.1, 0.2, 0.30000000000000004, 0.4, 0.5]","[13, 16, 16, 16, 16]","[6.238324625039508, 6.3640104904776065, 6.71012184867968, 7.242283263603896, 7.932420120844135, 8.756223239724859]",1
Triangular,3,3,0.5,periodic,periodic,finite,0.3627497919369489,"[0.0, 0.1, 0.2, 0.30000000000000004, 0.4, 0.5]","[15, 16, 16, 16, 16]","[6.238324625039508, 6.363256979723469, 6.696242716714213, 7.183832648724098, 7.78376093944471, 8.465389884486124]",2
Square,4,4,0.5,open,open,finite,1.988759082974866,"[0.0, 0.1, 0.2, 0.30000000000000004, 0.4, 0.5]","[21, 60, 66, 72, 74]","[11.090354888959125, 11.209162826759925, 11.562869185713966, 12.146087287491278, 12.947714838689562, 13.949490227643096]",0
Square,4,4,0.5,open,open,finite,2.1149286250583827,"[0.0, 0.1, 0.2, 0.30000000000000004, 0.4, 0.5]","[21, 60, 66, 72, 74]","[11.090354888959125, 11.209162863030414, 11.562871689165506, 12.146046999750585, 12.947233449557414, 13.94743698570947]",1
Square,4,4,0.5,open,open,finite,2.0215462499763817,"[0.0, 0.1, 0.2, 0.30000000000000004, 0.4, 0.5]","[21, 60, 66, 71, 74]","[11.090354888959125, 11.209002598793775, 11.55982763236048, 12.129895756889868, 12.896351715265478, 13.829257713734435]",2
Square,4,4,0.5,periodic,periodic,finite,12.348446459043771,"[0.0, 0.1, 0.2, 0.30000000000000004, 0.4, 0.5]","[61, 242, 252, 256, 256]","[11.090354888959125, 11.239911619223705, 11.69320032568167, 12.43838527631257, 13.44911320713372, 14.68862503665948]",0
Square,4,4,0.5,periodic,periodic,finite,12.107139125000685,"[0.0, 0.1, 0.2, 0.30000000000000004, 0.4, 0.5]","[61, 243, 254, 255, 256]","[11.090354888959125, 11.240794516541257, 11.702530172922033, 12.473803112676627, 13.530142501955165, 14.822053726871852]",1
Square,4,4,0.5,periodic,periodic,finite,12.143907584017143,"[0.0, 0.1, 0.2, 0.30000000000000004, 0.4, 0.5]","[61, 239, 253, 256, 256]","[11.090354888959125, 11.239476623128839, 11.684866507759619, 12.400928860317693, 13.351501818034409, 14.50275371579326]",2
Triangular,4,4,0.5,periodic,periodic,finite,13.23511862498708,"[0.0, 0.1, 0.2, 0.30000000000000004, 0.4, 0.5]","[55, 245, 254, 255, 255]","[11.090354888959125, 11.314654100189019, 11.95682047318433, 12.960816242413749, 14.255840419591836, 15.77439053530464]",0
Triangular,4,4,0.5,periodic,periodic,finite,13.129700541961938,"[0.0, 0.1, 0.2, 0.30000000000000004, 0.4, 0.5]","[62, 247, 253, 254, 256]","[11.090354888959125, 11.309340118516673, 11.937310264489113, 12.931967686519998, 14.249193342136241, 15.840598919093255]",1
Triangular,4,4,0.5,periodic,periodic,finite,13.08317333390005,"[0.0, 0.1, 0.2, 0.30000000000000004, 0.4, 0.5]","[62, 247, 254, 255, 256]","[11.090354888959125, 11.318334468045432, 12.007494156455229, 13.126969264634567, 14.609961227073804, 16.37894474584247]",2
Square,5,5,0.5,open,open,finite,22.581684665987268,"[0.0, 0.1, 0.2, 0.30000000000000004, 0.4, 0.5]","[31, 132, 153, 171, 178]","[17.328679513998633, 17.525968148255505, 18.110783596408645, 19.069318404580702, 20.377696689209902, 22.0022814352968]",0
Square,5,5,0.5,open,open,finite,22.461712459102273,"[0.0, 0.1, 0.2, 0.30000000000000004, 0.4, 0.5]","[31, 132, 152, 169, 178]","[17.328679513998633, 17.52581512961078, 18.108240318132715, 19.058134773931197, 20.34939417785458, 21.950190932805178]",1
Square,5,5,0.5,open,open,finite,22.47327670804225,"[0.0, 0.1, 0.2, 0.30000000000000004, 0.4, 0.5]","[32, 132, 153, 170, 177]","[17.328679513998633, 17.52611856942447, 18.113303414231538, 19.080641782033435, 20.40703867912966, 22.057332162332383]",2
Square,5,5,0.5,periodic,periodic,finite,675.4597456660122,"[0.0, 0.1, 0.2, 0.30000000000000004, 0.4, 0.5]","[77, 600, 600, 600, 600]","[17.328679513998633, 17.553312756479976, 18.245358563549644, 19.381664778857683, 20.91658607783617, 22.795436922812826]",0
Square,5,5,0.5,periodic,periodic,finite,669.3103220830671,"[0.0, 0.1, 0.2, 0.30000000000000004, 0.4, 0.5]","[76, 600, 600, 600, 600]","[17.328679513998633, 17.559517899517083, 18.269604095607946, 19.466537229262205, 21.155347377372355, 23.32794839802971]",1
Square,5,5,0.5,periodic,periodic,finite,668.0238866670989,"[0.0, 0.1, 0.2, 0.30000000000000004, 0.4, 0.5]","[76, 600, 600, 600, 600]","[17.328679513998633, 17.559157632690848, 18.26525996065702, 19.44030942014706, 21.05647775025635, 23.064123027969494]",2
Triangular,5,5,0.5,periodic,periodic,finite,742.4992713329848,"[0.0, 0.1, 0.2, 0.30000000000000004, 0.4, 0.5]","[77, 600, 600, 600, 600]","[17.328679513998633, 17.669609715974268, 18.70933961991223, 20.396318931811223, 22.62864197810719, 25.294521228878573]",0
Triangular,5,5,0.5,periodic,periodic,finite,738.414427250158,"[0.0, 0.1, 0.2, 0.30000000000000004, 0.4, 0.5]","[70, 600, 600, 600, 600]","[17.328679513998633, 17.670621736419687, 18.721942300487754, 20.433754334701558, 22.695714699783462, 25.376939140049096]",1
Triangular,5,5,0.5,periodic,periodic,finite,743.0020002909005,"[0.0, 0.1, 0.2, 0.30000000000000004, 0.4, 0.5]","[77, 600, 600, 600, 600]","[17.328679513998633, 17.671930901544215, 18.745723812259133, 20.533727779769205, 22.932609869278984, 25.7948958492725]",2
Square,6,6,0.5,open,open,finite,208.2732820417732,"[0.0, 0.1, 0.2, 0.30000000000000004, 0.4, 0.5]","[45, 245, 308, 355, 382]","[24.95329850015803, 25.241040899796822, 26.102625460756947, 27.514240201460993, 29.435891648570053, 31.815510929229305]",0
Square,6,6,0.5,open,open,finite,209.43140670889989,"[0.0, 0.1, 0.2, 0.30000000000000004, 0.4, 0.5]","[45, 246, 307, 354, 380]","[24.95329850015803, 25.244619995221978, 26.1114043001099, 27.527692961994113, 29.446496275441607, 31.804932788079995]",1
Square,6,6,0.5,open,open,finite,209.68392608314753,"[0.0, 0.1, 0.2, 0.30000000000000004, 0.4, 0.5]","[45, 246, 307, 355, 382]","[24.95329850015803, 25.240908500863597, 26.10067909685526, 27.501571453668717, 29.387323702744244, 31.686338982879146]",2
Square,6,6,0.5,periodic,periodic,finite,2441.8321862919256,"[0.0, 0.1, 0.2, 0.30000000000000004, 0.4, 0.5]","[90, 600, 600, 600, 600]","[24.95329850015803, 25.283226028133978, 26.286053074497666, 27.932394667207898, 30.161657469209935, 32.897107519092685]",0
Square,6,6,0.5,periodic,periodic,finite,2474.4818757500034,"[0.0, 0.1, 0.2, 0.30000000000000004, 0.4, 0.5]","[91, 600, 600, 600, 600]","[24.95329850015803, 25.264896465728583, 26.240120641880203, 27.849082699947846, 30.03130279963636, 32.717539619350596]",1
Square,6,6,0.5,periodic,periodic,finite,2332.455104582943,"[0.0, 0.1, 0.2, 0.30000000000000004, 0.4, 0.5]","[91, 600, 600, 600, 600]","[24.95329850015803, 25.267801823355416, 26.24397290301402, 27.845005128434664, 30.001107264978753, 32.635876883190356]",2
Triangular,6,6,0.5,periodic,periodic,finite,2719.274516250007,"[0.0, 0.1, 0.2, 0.30000000000000004, 0.4, 0.5]","[84, 600, 600, 600, 600]","[24.95329850015803, 25.42268686169436, 26.83072916348231, 29.076607753154196, 32.01460671062477, 35.51048143328617]",0
Triangular,6,6,0.5,periodic,periodic,finite,2699.8083541251253,"[0.0, 0.1, 0.2, 0.30000000000000004, 0.4, 0.5]","[84, 600, 600, 600, 600]","[24.95329850015803, 25.434518873387372, 26.913581120481222, 29.317776891642602, 32.493702662876935, 36.27100399140187]",1
Triangular,6,6,0.5,periodic,periodic,finite,2691.0557850000914,"[0.0, 0.1, 0.2, 0.30000000000000004, 0.4, 0.5]","[91, 600, 600, 600, 600]","[24.95329850015803, 25.421958588068584, 26.808897468394775, 29.000800353276865, 31.851854940584854, 35.224372197343754]",2
