,Shapes,Runtimes
0,"(1, 1)",0.0
1,"(2, 1)",0.006347715854644775
2,"(3, 1)",0.008054643869400024
3,"(4, 1)",0.008979976177215576
4,"(1, 2)",0.006351947784423828
5,"(2, 2)",0.008397996425628662
6,"(3, 2)",0.01168513298034668
7,"(4, 2)",0.017685428261756897
8,"(1, 3)",0.0069762468338012695
9,"(2, 3)",0.009691029787063599
10,"(3, 3)",0.012599661946296692
11,"(4, 3)",0.016758516430854797
12,"(1, 4)",0.00769747793674469
13,"(2, 4)",0.01278485357761383
14,"(3, 4)",0.03002801537513733
15,"(4, 4)",0.03942370414733887
