lattice,Lx,Ly,p,bc_x,bc_y,bc_MPS,runtime_s,betas,max_chi,log_z
Square,3,3,0.5,open,open,finite,0.4001063749892637,"[0.0, 0.1, 0.2, 0.30000000000000004, 0.4, 0.5, 0.6]","[11, 16, 16, 16, 16, 16]","[6.238324625039508, 6.297713374779193, 6.472101465350863, 6.752198862334466, 7.124982926686349, 7.576165440855871, 8.092070172046808]"
Square,3,3,0.5,open,open,finite,0.7329627079889178,"[0.0, 0.1, 0.2, 0.30000000000000004, 0.4, 0.5, 0.6, 0.7, 0.7999999999999999, 0.8999999999999999, 0.9999999999999999, 1.0999999999999999]","[11, 16, 16, 16, 16, 16, 16, 16, 16, 16, 16]","[6.238324625039508, 6.297871323604413, 6.4749068031276495, 6.765880584734347, 7.164951179173205, 7.66405031650943, 8.253038617203325, 8.920222469306742, 9.653271495593287, 10.440257382368916, 11.270466882795292, 12.134821083904551]"
Square,3,3,0.5,open,open,finite,1.028119875001721,"[0.0, 0.1, 0.2, 0.30000000000000004, 0.4, 0.5, 0.6, 0.7, 0.7999999999999999, 0.8999999999999999, 0.9999999999999999, 1.0999999999999999, 1.2, 1.3, 1.4000000000000001, 1.5000000000000002, 1.6000000000000003]","[11, 16, 16, 16, 16, 16, 16, 16, 16, 16, 16, 16, 16, 16, 16, 16]","[6.238324625039508, 6.2977133747791925, 6.47210146535086, 6.752198862334465, 7.1249829266863545, 7.576165440855877, 8.092070172046816, 8.660653863939242, 9.271830331716519, 9.91738550097716, 10.590718541951768, 11.28654751319435, 12.000642269592696, 12.729604011681587, 13.470690986630213, 14.221682963326378, 14.980776109525028]"
Square,3,3,0.5,open,open,finite,1.3554939170135185,"[0.0, 0.1, 0.2, 0.30000000000000004, 0.4, 0.5, 0.6, 0.7, 0.7999999999999999, 0.8999999999999999, 0.9999999999999999, 1.0999999999999999, 1.2, 1.3, 1.4000000000000001, 1.5000000000000002, 1.6000000000000003, 1.7000000000000004, 1.8000000000000005, 1.9000000000000006, 2.0000000000000004, 2.1000000000000005]","[11, 16, 16, 16, 16, 16, 16, 16, 16, 16, 16, 16, 16, 16, 16, 16, 16, 16, 16, 16, 16]","[6.238324625039508, 6.297713374779191, 6.472101465350858, 6.752198862334459, 7.124982926686349, 7.576165440855865, 8.092070172046803, 8.660653863939228, 9.271830331716505, 9.917385500977147, 10.590718541951757, 11.286547513194337, 12.000642269592685, 12.729604011681577, 13.47069098663021, 14.221682963326373, 14.980776109525026, 15.746501040774042, 16.51765840773798, 17.29326781996533, 18.072527016344054, 18.854779005392956]"
Square,3,3,0.5,open,open,finite,1.6149252500617877,"[0.0, 0.1, 0.2, 0.30000000000000004, 0.4, 0.5, 0.6, 0.7, 0.7999999999999999, 0.8999999999999999, 0.9999999999999999, 1.0999999999999999, 1.2, 1.3, 1.4000000000000001, 1.5000000000000002, 1.6000000000000003, 1.7000000000000004, 1.8000000000000005, 1.9000000000000006, 2.0000000000000004, 2.1000000000000005, 2.2000000000000006, 2.3000000000000007, 2.400000000000001, 2.500000000000001, 2.600000000000001]","[11, 16, 16, 16, 16, 16, 16, 16, 16, 16, 16, 16, 16, 16, 16, 16, 16, 16, 16, 16, 16, 16, 16, 16, 16, 16]","[6.238324625039508, 6.297714055436505, 6.472120076777086, 6.752296662892072, 7.125266230553062, 7.576764632445713, 8.093114578012415, 8.662254106466644, 9.27407063937487, 9.920323464587213, 10.59438885017881, 11.290967049726964, 12.005815077115384, 12.735525466867061, 13.477351022841317, 14.229068416176919, 14.98887234767759, 15.755293054360626, 16.527131504084014, 17.303408044393418, 18.083321385500774, 18.86621561565006, 19.651553533129587, 20.438894996962404, 21.227879298687228, 22.018210777095796, 22.809647061249475]"
Square,3,3,0.5,open,open,finite,1.9316592499380931,"[0.0, 0.1, 0.2, 0.30000000000000004, 0.4, 0.5, 0.6, 0.7, 0.7999999999999999, 0.8999999999999999, 0.9999999999999999, 1.0999999999999999, 1.2, 1.3, 1.4000000000000001, 1.5000000000000002, 1.6000000000000003, 1.7000000000000004, 1.8000000000000005, 1.9000000000000006, 2.0000000000000004, 2.1000000000000005, 2.2000000000000006, 2.3000000000000007, 2.400000000000001, 2.500000000000001, 2.600000000000001, 2.700000000000001, 2.800000000000001, 2.9000000000000012, 3.0000000000000013, 3.1000000000000014]","[11, 16, 16, 16, 16, 16, 16, 16, 16, 16, 16, 16, 16, 16, 16, 16, 16, 16, 16, 16, 16, 16, 16, 16, 16, 15, 14, 14, 14, 13, 13]","[6.238324625039508, 6.29802891419619, 6.477697691538401, 6.779359743563632, 7.203394590188743, 7.745009858677253, 8.392236059438858, 9.127382086809224, 9.930943517135939, 10.785220664018045, 11.67608032717924, 12.593084163731532, 13.528837361397434, 14.478187239789557, 15.437544121747502, 16.404382793674703, 17.376899923166757, 18.35378530874407, 19.33407034780924, 20.317027215902602, 21.302100987443435, 22.288863189144607, 23.276979428746937, 24.266186399003534, 25.256275233552845, 26.2470792467217, 27.23846475688431, 28.230324119390605, 29.22257037095276, 30.215133068584052, 31.207955027183587, 32.20098974206249]"
Square,3,3,0.5,open,open,finite,2.2757042499724776,"[0.0, 0.1, 0.2, 0.30000000000000004, 0.4, 0.5, 0.6, 0.7, 0.7999999999999999, 0.8999999999999999, 0.9999999999999999, 1.0999999999999999, 1.2, 1.3, 1.4000000000000001, 1.5000000000000002, 1.6000000000000003, 1.7000000000000004, 1.8000000000000005, 1.9000000000000006, 2.0000000000000004, 2.1000000000000005, 2.2000000000000006, 2.3000000000000007, 2.400000000000001, 2.500000000000001, 2.600000000000001, 2.700000000000001, 2.800000000000001, 2.9000000000000012, 3.0000000000000013, 3.1000000000000014, 3.2000000000000015, 3.3000000000000016, 3.4000000000000017, 3.5000000000000018, 3.600000000000002]","[11, 16, 16, 16, 16, 16, 16, 16, 16, 16, 16, 16, 16, 16, 16, 16, 16, 16, 16, 16, 16, 16, 16, 16, 16, 16, 16, 15, 14, 14, 14, 14, 12, 10, 10, 10]","[6.238324625039508, 6.297871323604414, 6.4749068031276495, 6.765880584734349, 7.164951179173206, 7.664050316509431, 8.253038617203321, 8.920222469306733, 9.653271495593279, 10.440257382368909, 11.270466882795285, 12.134821083904544, 13.025939357036966, 13.937981981948031, 14.866399862590093, 15.8076744263193, 16.75908773666249, 17.718535275390366, 18.684380085553677, 19.65534176325714, 20.63041286873887, 21.608796154796092, 22.58985732132831, 23.573089267645656, 24.558084855683475, 25.544515996986547, 26.53211746833709, 27.52067429105604, 28.510011819010767, 29.49998790341168, 30.490486663393142, 31.48141350810552, 32.47269114136122, 33.46425634277549, 34.45605736615217, 35.448051831038796, 36.44020501006314]"
Square,3,3,0.5,open,open,finite,2.566337374970317,"[0.0, 0.1, 0.2, 0.30000000000000004, 0.4, 0.5, 0.6, 0.7, 0.7999999999999999, 0.8999999999999999, 0.9999999999999999, 1.0999999999999999, 1.2, 1.3, 1.4000000000000001, 1.5000000000000002, 1.6000000000000003, 1.7000000000000004, 1.8000000000000005, 1.9000000000000006, 2.0000000000000004, 2.1000000000000005, 2.2000000000000006, 2.3000000000000007, 2.400000000000001, 2.500000000000001, 2.600000000000001, 2.700000000000001, 2.800000000000001, 2.9000000000000012, 3.0000000000000013, 3.1000000000000014, 3.2000000000000015, 3.3000000000000016, 3.4000000000000017, 3.5000000000000018, 3.600000000000002, 3.700000000000002, 3.800000000000002, 3.900000000000002, 4.000000000000002, 4.100000000000001]","[11, 16, 16, 16, 16, 16, 16, 16, 16, 16, 16, 16, 16, 16, 16, 16, 16, 16, 16, 16, 16, 16, 16, 16, 16, 15, 14, 12, 12, 12, 12, 12, 12, 12, 12, 12, 12, 12, 12, 12, 12]","[6.238324625039508, 6.297870982384517, 6.474899439554181, 6.7658543361359085, 7.1649248748152266, 7.6641309467497205, 8.253462081329749, 8.921347655850997, 9.655529708504929, 10.444084801247824, 11.276248742728121, 12.142860828775854, 13.036451152950157, 13.951098402445744, 14.882186596748493, 15.826146466426321, 16.78022411672271, 17.7422912177205, 18.710696399010285, 19.684151785933356, 20.66164739701168, 21.64238680394336, 22.625738706818797, 23.6112003237359, 24.598369538352213, 25.586923558628634, 26.576602443506335, 27.56719629500747, 28.558535232172662, 29.550481493449094, 30.54292318062722, 31.535769278415067, 32.52894567226772, 33.52239195238742, 34.51605884039572, 35.50990611165848, 36.503900913883015, 37.49801640373131, 38.49223063947484, 39.48652568036322, 40.480886853272644, 41.47530215498949]"
Square,3,3,0.5,open,open,finite,2.818812167039141,"[0.0, 0.1, 0.2, 0.30000000000000004, 0.4, 0.5, 0.6, 0.7, 0.7999999999999999, 0.8999999999999999, 0.9999999999999999, 1.0999999999999999, 1.2, 1.3, 1.4000000000000001, 1.5000000000000002, 1.6000000000000003, 1.7000000000000004, 1.8000000000000005, 1.9000000000000006, 2.0000000000000004, 2.1000000000000005, 2.2000000000000006, 2.3000000000000007, 2.400000000000001, 2.500000000000001, 2.600000000000001, 2.700000000000001, 2.800000000000001, 2.9000000000000012, 3.0000000000000013, 3.1000000000000014, 3.2000000000000015, 3.3000000000000016, 3.4000000000000017, 3.5000000000000018, 3.600000000000002, 3.700000000000002, 3.800000000000002, 3.900000000000002, 4.000000000000002, 4.100000000000001, 4.200000000000001, 4.300000000000001, 4.4, 4.5, 4.6]","[11, 16, 16, 16, 16, 16, 16, 16, 16, 16, 16, 16, 16, 16, 16, 16, 16, 16, 16, 16, 16, 16, 16, 16, 16, 15, 14, 14, 14, 13, 13, 12, 12, 12, 12, 10, 10, 10, 10, 10, 10, 10, 10, 8, 8, 8]","[6.238324625039508, 6.2980289141961885, 6.477697691538396, 6.779359743563631, 7.203394590188737, 7.745009858677251, 8.392236059438858, 9.127382086809227, 9.930943517135946, 10.785220664018055, 11.676080327179251, 12.593084163731545, 13.528837361397448, 14.478187239789564, 15.437544121747509, 16.404382793674706, 17.37689992316676, 18.353785308744076, 19.334070347809252, 20.317027215902613, 21.302100987443442, 22.288863189144614, 23.276979428746944, 24.266186399003537, 25.256275233552852, 26.24707924672171, 27.238464756884326, 28.230324119390627, 29.222570370952784, 30.215133068584073, 31.20795502718361, 32.200989742062504, 33.19419933953736, 34.18755293869454, 35.18102533602833, 36.174595945447216, 37.168247941484736, 38.161967565032086, 39.155743559608425, 40.149566712851254, 41.143429483069305, 42.137325694729945, 43.13125028992368, 44.12519912535958, 45.11916880644584, 46.11315655161044, 47.10716008130327]"
Square,3,3,0.5,open,open,finite,3.2533502089791,"[0.0, 0.1, 0.2, 0.30000000000000004, 0.4, 0.5, 0.6, 0.7, 0.7999999999999999, 0.8999999999999999, 0.9999999999999999, 1.0999999999999999, 1.2, 1.3, 1.4000000000000001, 1.5000000000000002, 1.6000000000000003, 1.7000000000000004, 1.8000000000000005, 1.9000000000000006, 2.0000000000000004, 2.1000000000000005, 2.2000000000000006, 2.3000000000000007, 2.400000000000001, 2.500000000000001, 2.600000000000001, 2.700000000000001, 2.800000000000001, 2.9000000000000012, 3.0000000000000013, 3.1000000000000014, 3.2000000000000015, 3.3000000000000016, 3.4000000000000017, 3.5000000000000018, 3.600000000000002, 3.700000000000002, 3.800000000000002, 3.900000000000002, 4.000000000000002, 4.100000000000001, 4.200000000000001, 4.300000000000001, 4.4, 4.5, 4.6, 4.699999999999999, 4.799999999999999, 4.899999999999999, 4.999999999999998, 5.099999999999998]","[11, 16, 16, 16, 16, 16, 16, 16, 16, 16, 16, 16, 16, 16, 16, 16, 16, 16, 16, 16, 16, 16, 16, 16, 16, 15, 14, 14, 14, 13, 13, 12, 12, 12, 12, 10, 10, 10, 10, 10, 10, 10, 10, 8, 8, 8, 8, 8, 8, 8, 8]","[6.238324625039508, 6.298028914196188, 6.477697691538399, 6.77935974356363, 7.203394590188735, 7.745009858677249, 8.392236059438853, 9.127382086809217, 9.930943517135935, 10.785220664018041, 11.676080327179244, 12.593084163731534, 13.528837361397438, 14.478187239789559, 15.437544121747507, 16.404382793674706, 17.376899923166764, 18.35378530874408, 19.33407034780926, 20.317027215902623, 21.302100987443456, 22.288863189144628, 23.27697942874696, 24.26618639900356, 25.25627523355287, 26.247079246721725, 27.23846475688434, 28.230324119390637, 29.222570370952788, 30.215133068584077, 31.207955027183612, 32.20098974206251, 33.19419933953737, 34.187552938694544, 35.181025336028334, 36.17459594544722, 37.16824794148474, 38.16196756503209, 39.15574355960843, 40.14956671285126, 41.143429483069305, 42.137325694729945, 43.13125028992368, 44.125199125359586, 45.119168806445856, 46.11315655161045, 47.10716008130328, 48.10117752715845, 49.09520735763385, 50.089248317125026, 51.083299376102225, 52.07735969026864]"
